,0,1
0,34.159882924,-118.36044382
1,34.172556008,-118.452763444
2,34.185229092,-118.627144956
3,34.21057526,-118.401474764
4,33.995132831999996,-118.278381932
5,34.071171336,-118.380959292
6,34.08384442,-118.575856276
7,33.741671151999995,-118.555340804
8,33.767017319999994,-118.20657778
9,34.159882924,-118.452763444
10,34.172556008,-118.36044382
11,34.21057526,-118.4117325
12,33.995132831999996,-118.534825332
13,34.058498252,-118.524567596
14,34.08384442,-118.586114012
15,34.109190588,-118.237350988
16,33.868401991999995,-118.216835516
17,33.881075075999995,-118.473278916
18,33.843055824,-118.237350988
19,33.728998067999996,-118.473278916
20,34.223248344,-118.350186084
21,34.235921428,-118.319412876
22,34.248594512,-118.575856276
23,34.273940679999995,-118.227093252
24,33.969786664,-118.401474764
25,34.033152084,-118.637402692
26,34.045825168,-118.380959292
27,34.08384442,-118.596371748
28,34.096517504,-118.339928348
29,33.855728907999996,-118.483536652
30,33.767017319999994,-118.432247972
31,34.299286848,-118.380959292
32,34.197902176,-118.278381932
33,34.223248344,-118.175804572
34,34.235921428,-118.329670612
35,34.248594512,-118.401474764
36,33.931767412,-118.278381932
37,33.95711358,-118.175804572
38,33.969786664,-118.575856276
39,33.982459748,-118.56559854
40,34.261267595999996,-118.555340804
41,34.273940679999995,-118.298897404
42,34.045825168,-118.165546836
43,34.058498252,-118.504052124
44,34.096517504,-118.61688722
45,34.134536755999996,-118.237350988
46,33.868401991999995,-118.319412876
47,33.881075075999995,-118.493794388
48,34.324633016,-118.61688722
49,34.007805915999995,-118.319412876
50,34.020478999999995,-118.575856276
51,34.020478999999995,-118.247608724
52,34.007805915999995,-118.56559854
53,34.007805915999995,-118.524567596
54,34.007805915999995,-118.647660428
55,34.007805915999995,-118.606629484
56,34.007805915999995,-118.36044382
57,34.020478999999995,-118.370701556
58,34.007805915999995,-118.401474764
59,34.197902176,-118.596371748
60,34.223248344,-118.452763444
61,34.235921428,-118.545083068
62,34.248594512,-118.227093252
63,33.931767412,-118.596371748
64,33.95711358,-118.452763444
65,33.969786664,-118.298897404
66,34.273940679999995,-118.575856276
67,34.045825168,-118.237350988
68,34.096517504,-118.606629484
69,34.134536755999996,-118.165546836
70,33.855728907999996,-118.46302118
71,33.716324983999996,-118.61688722
72,33.767017319999994,-118.4117325
73,34.08384442,-118.473278916
74,34.311959932,-118.329670612
75,34.324633016,-118.339928348
76,34.159882924,-118.4117325
77,34.172556008,-118.401474764
78,34.21057526,-118.452763444
79,34.261267595999996,-118.657918164
80,33.89374816,-118.575856276
81,34.058498252,-118.483536652
82,34.071171336,-118.165546836
83,34.109190588,-118.442505708
84,33.779690404,-118.268124196
85,33.792363488,-118.319412876
86,33.817709656,-118.545083068
87,33.83038274,-118.227093252
88,33.868401991999995,-118.6681759
89,33.843055824,-118.442505708
90,33.716324983999996,-118.606629484
91,33.728998067999996,-118.432247972
92,33.754344235999994,-118.329670612
93,34.324633016,-118.596371748
94,34.159882924,-118.175804572
95,34.172556008,-118.51430986
96,34.185229092,-118.56559854
97,34.21057526,-118.46302118
98,33.89374816,-118.339928348
99,34.033152084,-118.596371748
100,33.728998067999996,-118.483536652
101,33.754344235999994,-118.25786646
102,33.7036519,-118.298897404
103,33.716324983999996,-118.30915514
104,33.754344235999994,-118.586114012
105,33.741671151999995,-118.575856276
106,33.716324983999996,-118.637402692
107,33.741671151999995,-118.247608724
108,33.7036519,-118.627144956
109,33.728998067999996,-118.647660428
110,33.855728907999996,-118.442505708
111,34.273940679999995,-118.657918164
112,33.741671151999995,-118.61688722
113,34.311959932,-118.186062308
114,34.185229092,-118.493794388
115,34.21057526,-118.473278916
116,34.261267595999996,-118.51430986
117,33.89374816,-118.596371748
118,33.995132831999996,-118.350186084
119,33.969786664,-118.61688722
120,34.109190588,-118.452763444
121,34.058498252,-118.46302118
122,34.08384442,-118.647660428
123,34.109190588,-118.175804572
124,33.843055824,-118.175804572
125,33.779690404,-118.288639668
126,33.792363488,-118.298897404
127,33.805036572,-118.555340804
128,33.817709656,-118.401474764
129,33.83038274,-118.329670612
130,33.881075075999995,-118.534825332
131,33.728998067999996,-118.534825332
132,33.754344235999994,-118.637402692
133,33.7036519,-118.51430986
134,34.299286848,-118.432247972
135,34.311959932,-118.586114012
136,34.096517504,-118.216835516
137,34.197902176,-118.637402692
138,34.223248344,-118.4117325
139,34.235921428,-118.25786646
140,34.248594512,-118.51430986
141,33.969786664,-118.339928348
142,33.906421244,-118.534825332
143,33.931767412,-118.637402692
144,33.95711358,-118.4117325
145,33.995132831999996,-118.196320044
146,34.273940679999995,-118.288639668
147,34.045825168,-118.442505708
148,34.08384442,-118.657918164
149,34.096517504,-118.401474764
150,33.805036572,-118.627144956
151,33.855728907999996,-118.421990236
152,33.7036519,-118.647660428
153,34.299286848,-118.442505708
154,34.197902176,-118.216835516
155,34.223248344,-118.237350988
156,34.235921428,-118.268124196
157,34.248594512,-118.339928348
158,33.982459748,-118.504052124
159,33.931767412,-118.216835516
160,33.944440496,-118.165546836
161,33.95711358,-118.237350988
162,34.261267595999996,-118.61688722
163,34.273940679999995,-118.36044382
164,34.058498252,-118.442505708
165,34.109190588,-118.483536652
166,33.792363488,-118.606629484
167,33.817709656,-118.25786646
168,33.83038274,-118.51430986
169,33.843055824,-118.483536652
170,33.868401991999995,-118.627144956
171,33.779690404,-118.30915514
172,34.020478999999995,-118.186062308
173,33.7036519,-118.493794388
174,33.716324983999996,-118.56559854
175,34.299286848,-118.20657778
176,34.324633016,-118.555340804
177,34.172556008,-118.555340804
178,34.197902176,-118.288639668
179,34.248594512,-118.657918164
180,34.273940679999995,-118.637402692
181,33.906421244,-118.391217028
182,33.919094328,-118.442505708
183,33.931767412,-118.288639668
184,33.982459748,-118.493794388
185,34.045825168,-118.298897404
186,34.071171336,-118.278381932
187,34.096517504,-118.421990236
188,33.855728907999996,-118.401474764
189,34.007805915999995,-118.268124196
190,33.716324983999996,-118.555340804
191,33.767017319999994,-118.350186084
192,34.286613764,-118.247608724
193,34.324633016,-118.278381932
194,34.159882924,-118.227093252
195,34.172556008,-118.46302118
196,34.197902176,-118.196320044
197,34.21057526,-118.51430986
198,33.89374816,-118.391217028
199,33.931767412,-118.196320044
200,33.944440496,-118.186062308
201,34.261267595999996,-118.473278916
202,34.058498252,-118.421990236
203,34.109190588,-118.380959292
204,33.779690404,-118.329670612
205,33.792363488,-118.25786646
206,33.817709656,-118.606629484
207,33.83038274,-118.288639668
208,34.020478999999995,-118.329670612
209,33.716324983999996,-118.545083068
210,33.728998067999996,-118.493794388
211,33.754344235999994,-118.268124196
212,33.741671151999995,-118.401474764
213,34.324633016,-118.534825332
214,34.286613764,-118.647660428
215,34.286613764,-118.606629484
216,34.286613764,-118.56559854
217,34.286613764,-118.524567596
218,34.286613764,-118.483536652
219,34.286613764,-118.442505708
220,34.286613764,-118.401474764
221,34.286613764,-118.36044382
222,34.286613764,-118.319412876
223,34.286613764,-118.278381932
224,34.159882924,-118.237350988
225,34.172556008,-118.575856276
226,34.185229092,-118.504052124
227,34.21057526,-118.524567596
228,33.89374816,-118.401474764
229,34.033152084,-118.657918164
230,34.045825168,-118.483536652
231,34.071171336,-118.504052124
232,34.096517504,-118.36044382
233,33.805036572,-118.6681759
234,33.855728907999996,-118.380959292
235,33.767017319999994,-118.329670612
236,33.728998067999996,-118.586114012
237,34.311959932,-118.247608724
238,34.185229092,-118.432247972
239,34.21057526,-118.534825332
240,34.223248344,-118.196320044
241,34.261267595999996,-118.575856276
242,33.95711358,-118.196320044
243,33.995132831999996,-118.4117325
244,33.969786664,-118.555340804
245,33.944440496,-118.20657778
246,33.89374816,-118.657918164
247,34.058498252,-118.401474764
248,34.109190588,-118.36044382
249,34.134536755999996,-118.6681759
250,33.779690404,-118.350186084
251,33.792363488,-118.237350988
252,33.817709656,-118.46302118
253,33.881075075999995,-118.596371748
254,34.020478999999995,-118.637402692
255,34.134536755999996,-118.627144956
256,34.299286848,-118.493794388
257,34.311959932,-118.647660428
258,34.185229092,-118.647660428
259,34.223248344,-118.227093252
260,34.235921428,-118.442505708
261,34.248594512,-118.452763444
262,33.95711358,-118.227093252
263,33.906421244,-118.596371748
264,33.969786664,-118.524567596
265,34.273940679999995,-118.350186084
266,34.045825168,-118.339928348
267,34.096517504,-118.380959292
268,33.855728907999996,-118.36044382
269,33.7036519,-118.586114012
270,34.299286848,-118.25786646
271,34.159882924,-118.186062308
272,34.172556008,-118.504052124
273,34.185229092,-118.575856276
274,34.261267595999996,-118.432247972
275,33.995132831999996,-118.268124196
276,33.944440496,-118.227093252
277,34.058498252,-118.380959292
278,34.109190588,-118.421990236
279,33.779690404,-118.370701556
280,33.792363488,-118.545083068
281,33.817709656,-118.319412876
282,33.83038274,-118.575856276
283,33.843055824,-118.421990236
284,33.716324983999996,-118.504052124
285,33.7036519,-118.432247972
286,34.311959932,-118.504052124
287,34.071171336,-118.483536652
288,34.159882924,-118.196320044
289,34.172556008,-118.61688722
290,34.197902176,-118.227093252
291,34.235921428,-118.6681759
292,33.906421244,-118.452763444
293,33.919094328,-118.380959292
294,33.931767412,-118.227093252
295,33.982459748,-118.432247972
296,34.248594512,-118.596371748
297,34.045825168,-118.36044382
298,34.071171336,-118.216835516
299,34.096517504,-118.483536652
300,33.855728907999996,-118.339928348
301,34.235921428,-118.596371748
302,34.020478999999995,-118.442505708
303,33.741671151999995,-118.391217028
304,33.716324983999996,-118.493794388
305,33.7036519,-118.56559854
306,33.728998067999996,-118.545083068
307,33.754344235999994,-118.442505708
308,34.286613764,-118.186062308
309,34.324633016,-118.216835516
310,34.096517504,-118.545083068
311,34.159882924,-118.288639668
312,34.172556008,-118.524567596
313,34.21057526,-118.575856276
314,34.261267595999996,-118.534825332
315,33.89374816,-118.452763444
316,33.944440496,-118.247608724
317,33.982459748,-118.586114012
318,34.058498252,-118.36044382
319,34.071171336,-118.61688722
320,34.109190588,-118.401474764
321,34.121863671999996,-118.657918164
322,33.881075075999995,-118.637402692
323,33.792363488,-118.524567596
324,33.817709656,-118.175804572
325,33.83038274,-118.432247972
326,33.843055824,-118.401474764
327,33.779690404,-118.391217028
328,34.020478999999995,-118.268124196
329,33.728998067999996,-118.30915514
330,33.754344235999994,-118.20657778
331,33.716324983999996,-118.483536652
332,33.741671151999995,-118.46302118
333,33.843055824,-118.288639668
334,34.324633016,-118.473278916
335,34.197902176,-118.20657778
336,34.21057526,-118.586114012
337,34.223248344,-118.186062308
338,33.969786664,-118.56559854
339,33.906421244,-118.30915514
340,33.919094328,-118.36044382
341,33.931767412,-118.20657778
342,33.95711358,-118.186062308
343,33.982459748,-118.575856276
344,34.096517504,-118.175804572
345,34.121863671999996,-118.647660428
346,34.134536755999996,-118.555340804
347,33.855728907999996,-118.319412876
348,34.007805915999995,-118.350186084
349,33.767017319999994,-118.268124196
350,34.286613764,-118.165546836
351,34.299286848,-118.545083068
352,34.324633016,-118.196320044
353,34.159882924,-118.637402692
354,34.185229092,-118.370701556
355,34.21057526,-118.596371748
356,34.235921428,-118.165546836
357,33.995132831999996,-118.227093252
358,33.89374816,-118.473278916
359,33.944440496,-118.268124196
360,34.261267595999996,-118.391217028
361,34.058498252,-118.339928348
362,34.109190588,-118.298897404
363,34.121863671999996,-118.637402692
364,33.881075075999995,-118.657918164
365,33.779690404,-118.4117325
366,33.792363488,-118.175804572
367,33.817709656,-118.524567596
368,33.792363488,-118.56559854
369,33.83038274,-118.473278916
370,33.83038274,-118.20657778
371,33.843055824,-118.298897404
372,33.767017319999994,-118.6681759
373,34.299286848,-118.30915514
374,34.14720984,-118.637402692
375,34.14720984,-118.596371748
376,34.14720984,-118.555340804
377,34.14720984,-118.51430986
378,34.14720984,-118.473278916
379,34.14720984,-118.432247972
380,34.14720984,-118.391217028
381,34.14720984,-118.350186084
382,34.14720984,-118.30915514
383,34.14720984,-118.268124196
384,34.185229092,-118.586114012
385,34.223248344,-118.288639668
386,34.235921428,-118.380959292
387,34.248594512,-118.391217028
388,33.969786664,-118.46302118
389,33.95711358,-118.288639668
390,33.906421244,-118.657918164
391,33.919094328,-118.6681759
392,34.273940679999995,-118.4117325
393,34.045825168,-118.401474764
394,34.096517504,-118.442505708
395,33.767017319999994,-118.247608724
396,34.299286848,-118.319412876
397,34.311959932,-118.165546836
398,34.159882924,-118.247608724
399,34.172556008,-118.56559854
400,34.185229092,-118.51430986
401,34.261267595999996,-118.493794388
402,33.995132831999996,-118.329670612
403,33.944440496,-118.288639668
404,34.058498252,-118.319412876
405,34.109190588,-118.606629484
406,33.779690404,-118.432247972
407,33.792363488,-118.483536652
408,33.805036572,-118.165546836
409,33.817709656,-118.380959292
410,33.83038274,-118.391217028
411,33.843055824,-118.606629484
412,33.868401991999995,-118.504052124
413,33.881075075999995,-118.186062308
414,33.728998067999996,-118.268124196
415,33.754344235999994,-118.493794388
416,33.741671151999995,-118.175804572
417,33.767017319999994,-118.647660428
418,33.716324983999996,-118.442505708
419,34.311959932,-118.56559854
420,33.792363488,-118.329670612
421,34.197902176,-118.4117325
422,34.223248344,-118.637402692
423,34.248594512,-118.534825332
424,33.95711358,-118.637402692
425,33.982459748,-118.370701556
426,33.906421244,-118.51430986
427,33.919094328,-118.319412876
428,33.931767412,-118.4117325
429,33.868401991999995,-118.596371748
430,34.071171336,-118.401474764
431,33.982459748,-118.647660428
432,33.995132831999996,-118.51430986
433,33.969786664,-118.493794388
434,33.982459748,-118.196320044
435,33.995132831999996,-118.637402692
436,33.995132831999996,-118.186062308
437,33.982459748,-118.524567596
438,33.89374816,-118.637402692
439,33.89374816,-118.30915514
440,33.906421244,-118.380959292
441,33.855728907999996,-118.278381932
442,33.805036572,-118.237350988
443,33.843055824,-118.61688722
444,34.020478999999995,-118.380959292
445,33.728998067999996,-118.606629484
446,33.754344235999994,-118.380959292
447,33.741671151999995,-118.452763444
448,33.716324983999996,-118.432247972
449,33.7036519,-118.504052124
450,34.159882924,-118.596371748
451,34.185229092,-118.329670612
452,34.21057526,-118.637402692
453,34.248594512,-118.196320044
454,33.944440496,-118.30915514
455,34.261267595999996,-118.350186084
456,34.058498252,-118.298897404
457,34.071171336,-118.555340804
458,34.109190588,-118.339928348
459,34.121863671999996,-118.596371748
460,33.779690404,-118.452763444
461,33.792363488,-118.46302118
462,33.817709656,-118.237350988
463,33.83038274,-118.493794388
464,33.843055824,-118.339928348
465,34.007805915999995,-118.196320044
466,34.020478999999995,-118.20657778
467,33.741671151999995,-118.524567596
468,33.728998067999996,-118.370701556
469,33.716324983999996,-118.421990236
470,34.311959932,-118.421990236
471,34.324633016,-118.4117325
472,34.21057526,-118.647660428
473,34.223248344,-118.247608724
474,33.95711358,-118.247608724
475,33.982459748,-118.51430986
476,33.969786664,-118.504052124
477,33.906421244,-118.370701556
478,33.919094328,-118.298897404
479,34.071171336,-118.627144956
480,34.096517504,-118.237350988
481,34.121863671999996,-118.586114012
482,34.134536755999996,-118.61688722
483,33.855728907999996,-118.25786646
484,34.248594512,-118.6681759
485,34.273940679999995,-118.391217028
486,34.299286848,-118.606629484
487,34.185229092,-118.30915514
488,34.21057526,-118.657918164
489,34.261267595999996,-118.452763444
490,34.273940679999995,-118.196320044
491,33.89374816,-118.534825332
492,33.944440496,-118.329670612
493,33.995132831999996,-118.288639668
494,34.058498252,-118.278381932
495,34.121863671999996,-118.575856276
496,34.134536755999996,-118.545083068
497,33.881075075999995,-118.227093252
498,33.868401991999995,-118.46302118
499,33.779690404,-118.473278916
500,34.299286848,-118.370701556
501,34.197902176,-118.452763444
502,34.223248344,-118.596371748
503,34.235921428,-118.56559854
504,34.273940679999995,-118.473278916
505,33.982459748,-118.329670612
506,33.906421244,-118.227093252
507,33.919094328,-118.606629484
508,33.931767412,-118.452763444
509,33.95711358,-118.596371748
510,34.045825168,-118.46302118
511,34.08384442,-118.186062308
512,34.096517504,-118.25786646
513,33.855728907999996,-118.237350988
514,33.868401991999995,-118.555340804
515,33.805036572,-118.278381932
516,33.767017319999994,-118.186062308
517,34.299286848,-118.627144956
518,34.172556008,-118.627144956
519,34.185229092,-118.452763444
520,34.248594512,-118.647660428
521,34.261267595999996,-118.30915514
522,33.944440496,-118.350186084
523,34.058498252,-118.25786646
524,34.08384442,-118.196320044
525,34.109190588,-118.545083068
526,33.881075075999995,-118.247608724
527,33.868401991999995,-118.56559854
528,33.779690404,-118.493794388
529,33.792363488,-118.421990236
530,33.817709656,-118.442505708
531,33.83038274,-118.452763444
532,33.843055824,-118.545083068
533,34.020478999999995,-118.493794388
534,33.741671151999995,-118.237350988
535,33.767017319999994,-118.586114012
536,33.716324983999996,-118.380959292
537,33.728998067999996,-118.329670612
538,33.754344235999994,-118.432247972
539,34.311959932,-118.627144956
540,34.033152084,-118.575856276
541,34.033152084,-118.247608724
542,34.045825168,-118.56559854
543,34.033152084,-118.370701556
544,34.033152084,-118.329670612
545,34.033152084,-118.452763444
546,34.033152084,-118.4117325
547,34.033152084,-118.534825332
548,34.033152084,-118.20657778
549,34.045825168,-118.606629484
550,34.197902176,-118.350186084
551,34.248594512,-118.473278916
552,33.982459748,-118.30915514
553,33.906421244,-118.575856276
554,33.919094328,-118.25786646
555,33.931767412,-118.350186084
556,34.033152084,-118.493794388
557,34.071171336,-118.339928348
558,34.08384442,-118.20657778
559,34.109190588,-118.555340804
560,33.855728907999996,-118.216835516
561,33.805036572,-118.175804572
562,33.843055824,-118.555340804
563,34.020478999999995,-118.319412876
564,33.741671151999995,-118.51430986
565,33.767017319999994,-118.165546836
566,33.716324983999996,-118.370701556
567,33.728998067999996,-118.421990236
568,33.754344235999994,-118.319412876
569,34.159882924,-118.657918164
570,34.185229092,-118.268124196
571,34.261267595999996,-118.4117325
572,33.995132831999996,-118.575856276
573,33.944440496,-118.370701556
574,34.033152084,-118.586114012
575,34.058498252,-118.237350988
576,34.109190588,-118.524567596
577,34.121863671999996,-118.534825332
578,33.779690404,-118.51430986
579,33.792363488,-118.401474764
580,33.817709656,-118.298897404
581,33.83038274,-118.30915514
582,33.843055824,-118.524567596
583,34.134536755999996,-118.504052124
584,33.767017319999994,-118.56559854
585,34.311959932,-118.483536652
586,34.324633016,-118.350186084
587,33.779690404,-118.25786646
588,34.197902176,-118.329670612
589,34.235921428,-118.278381932
590,34.273940679999995,-118.186062308
591,33.982459748,-118.452763444
592,33.89374816,-118.586114012
593,33.906421244,-118.432247972
594,33.919094328,-118.237350988
595,33.931767412,-118.329670612
596,34.08384442,-118.30915514
597,34.109190588,-118.534825332
598,33.881075075999995,-118.288639668
599,33.843055824,-118.380959292
600,33.881075075999995,-118.575856276
601,33.868401991999995,-118.196320044
602,33.881075075999995,-118.329670612
603,33.855728907999996,-118.30915514
604,33.779690404,-118.575856276
605,33.779690404,-118.247608724
606,33.792363488,-118.6681759
607,33.792363488,-118.339928348
608,33.817709656,-118.637402692
609,33.83038274,-118.627144956
610,33.855728907999996,-118.196320044
611,34.007805915999995,-118.473278916
612,34.299286848,-118.421990236
613,34.172556008,-118.6681759
614,34.185229092,-118.4117325
615,34.235921428,-118.61688722
616,34.261267595999996,-118.268124196
617,33.995132831999996,-118.432247972
618,33.89374816,-118.186062308
619,33.944440496,-118.391217028
620,34.273940679999995,-118.586114012
621,34.045825168,-118.61688722
622,34.058498252,-118.216835516
623,34.096517504,-118.165546836
624,34.121863671999996,-118.51430986
625,33.868401991999995,-118.524567596
626,33.779690404,-118.534825332
627,34.134536755999996,-118.606629484
628,34.007805915999995,-118.278381932
629,34.311959932,-118.339928348
630,34.324633016,-118.329670612
631,34.197902176,-118.391217028
632,34.223248344,-118.657918164
633,34.235921428,-118.504052124
634,34.273940679999995,-118.534825332
635,33.982459748,-118.268124196
636,34.08384442,-118.247608724
637,34.096517504,-118.319412876
638,33.868401991999995,-118.61688722
639,33.855728907999996,-118.175804572
640,33.881075075999995,-118.196320044
641,34.185229092,-118.391217028
642,34.248594512,-118.586114012
643,34.261267595999996,-118.370701556
644,33.995132831999996,-118.20657778
645,34.045825168,-118.473278916
646,34.058498252,-118.196320044
647,34.071171336,-118.452763444
648,34.08384442,-118.25786646
649,33.779690404,-118.555340804
650,34.096517504,-118.186062308
651,34.324633016,-118.637402692
652,34.197902176,-118.370701556
653,34.248594512,-118.247608724
654,33.982459748,-118.4117325
655,34.071171336,-118.524567596
656,34.08384442,-118.268124196
657,34.096517504,-118.6681759
658,34.159882924,-118.473278916
659,34.172556008,-118.216835516
660,34.185229092,-118.20657778
661,34.261267595999996,-118.227093252
662,33.944440496,-118.432247972
663,33.995132831999996,-118.391217028
664,34.033152084,-118.647660428
665,34.058498252,-118.175804572
666,34.109190588,-118.46302118
667,34.121863671999996,-118.473278916
668,33.817709656,-118.36044382
669,33.83038274,-118.370701556
670,33.843055824,-118.46302118
671,34.134536755999996,-118.56559854
672,34.311959932,-118.545083068
673,34.324633016,-118.288639668
674,34.007805915999995,-118.575856276
675,34.007805915999995,-118.534825332
676,34.007805915999995,-118.329670612
677,34.020478999999995,-118.401474764
678,34.007805915999995,-118.657918164
679,34.007805915999995,-118.61688722
680,34.007805915999995,-118.370701556
681,34.020478999999995,-118.36044382
682,34.020478999999995,-118.196320044
683,34.007805915999995,-118.4117325
684,34.197902176,-118.268124196
685,34.235921428,-118.216835516
686,34.273940679999995,-118.247608724
687,33.931767412,-118.268124196
688,33.969786664,-118.627144956
689,33.89374816,-118.647660428
690,33.982459748,-118.391217028
691,34.109190588,-118.473278916
692,34.121863671999996,-118.46302118
693,34.134536755999996,-118.493794388
694,33.792363488,-118.596371748
695,33.843055824,-118.473278916
696,33.881075075999995,-118.237350988
697,33.868401991999995,-118.575856276
698,34.299286848,-118.483536652
699,34.185229092,-118.350186084
700,34.235921428,-118.555340804
701,34.261267595999996,-118.329670612
702,34.273940679999995,-118.647660428
703,33.995132831999996,-118.493794388
704,33.89374816,-118.247608724
705,33.944440496,-118.452763444
706,34.121863671999996,-118.452763444
707,34.134536755999996,-118.421990236
708,33.779690404,-118.596371748
709,33.817709656,-118.216835516
710,33.868401991999995,-118.339928348
711,33.881075075999995,-118.350186084
712,33.767017319999994,-118.483536652
713,33.83038274,-118.380959292
714,34.311959932,-118.401474764
715,34.324633016,-118.268124196
716,34.121863671999996,-118.524567596
717,34.14720984,-118.288639668
718,34.197902176,-118.575856276
719,34.223248344,-118.473278916
720,34.273940679999995,-118.596371748
721,33.906421244,-118.350186084
722,33.919094328,-118.483536652
723,33.931767412,-118.575856276
724,33.95711358,-118.473278916
725,33.969786664,-118.278381932
726,33.982459748,-118.20657778
727,34.071171336,-118.237350988
728,33.728998067999996,-118.4117325
729,33.754344235999994,-118.51430986
730,33.7036519,-118.30915514
731,33.716324983999996,-118.298897404
732,33.754344235999994,-118.186062308
733,33.767017319999994,-118.504052124
734,33.716324983999996,-118.627144956
735,33.741671151999995,-118.647660428
736,33.767017319999994,-118.175804572
737,33.7036519,-118.637402692
738,33.817709656,-118.555340804
739,33.728998067999996,-118.442505708
740,33.754344235999994,-118.545083068
741,33.741671151999995,-118.288639668
742,33.7036519,-118.6681759
743,33.716324983999996,-118.268124196
744,34.299286848,-118.504052124
745,34.159882924,-118.432247972
746,34.172556008,-118.25786646
747,34.197902176,-118.647660428
748,34.261267595999996,-118.186062308
749,33.89374816,-118.268124196
750,33.931767412,-118.647660428
751,33.944440496,-118.473278916
752,34.033152084,-118.606629484
753,34.071171336,-118.391217028
754,34.08384442,-118.319412876
755,34.096517504,-118.247608724
756,33.779690404,-118.61688722
757,33.805036572,-118.227093252
758,33.741671151999995,-118.36044382
759,33.728998067999996,-118.20657778
760,33.754344235999994,-118.30915514
761,33.7036519,-118.186062308
762,33.716324983999996,-118.25786646
763,34.311959932,-118.25786646
764,34.324633016,-118.575856276
765,34.197902176,-118.30915514
766,34.248594512,-118.186062308
767,33.969786664,-118.6681759
768,33.906421244,-118.20657778
769,33.919094328,-118.46302118
770,33.931767412,-118.30915514
771,33.982459748,-118.350186084
772,34.071171336,-118.46302118
773,34.08384442,-118.329670612
774,33.792363488,-118.555340804
775,33.805036572,-118.298897404
776,33.83038274,-118.647660428
777,33.7036519,-118.319412876
778,33.716324983999996,-118.247608724
779,33.741671151999995,-118.637402692
780,34.159882924,-118.534825332
781,34.172556008,-118.278381932
782,34.261267595999996,-118.288639668
783,33.995132831999996,-118.452763444
784,33.944440496,-118.493794388
785,34.071171336,-118.56559854
786,34.096517504,-118.298897404
787,34.121863671999996,-118.4117325
788,34.134536755999996,-118.380959292
789,33.792363488,-118.278381932
790,33.83038274,-118.186062308
791,33.868401991999995,-118.298897404
792,33.881075075999995,-118.391217028
793,33.779690404,-118.637402692
794,33.7036519,-118.165546836
795,34.109190588,-118.61688722
796,34.286613764,-118.25786646
797,34.311959932,-118.606629484
798,34.324633016,-118.227093252
799,34.14720984,-118.247608724
800,34.185229092,-118.196320044
801,34.223248344,-118.432247972
802,34.235921428,-118.401474764
803,33.969786664,-118.319412876
804,33.95711358,-118.432247972
805,34.248594512,-118.329670612
806,34.273940679999995,-118.30915514
807,34.109190588,-118.657918164
808,34.121863671999996,-118.401474764
809,34.134536755999996,-118.30915514
810,33.792363488,-118.534825332
811,33.83038274,-118.504052124
812,33.843055824,-118.657918164
813,33.868401991999995,-118.391217028
814,33.881075075999995,-118.298897404
815,34.134536755999996,-118.186062308
816,34.185229092,-118.288639668
817,34.21057526,-118.186062308
818,34.223248344,-118.586114012
819,33.969786664,-118.165546836
820,33.944440496,-118.51430986
821,33.95711358,-118.586114012
822,33.995132831999996,-118.30915514
823,34.121863671999996,-118.391217028
824,34.134536755999996,-118.483536652
825,33.868401991999995,-118.401474764
826,33.779690404,-118.657918164
827,33.817709656,-118.278381932
828,33.881075075999995,-118.4117325
829,33.767017319999994,-118.421990236
830,33.728998067999996,-118.165546836
831,34.286613764,-118.237350988
832,34.299286848,-118.555340804
833,34.311959932,-118.46302118
834,34.324633016,-118.20657778
835,34.286613764,-118.637402692
836,34.286613764,-118.596371748
837,34.286613764,-118.555340804
838,34.286613764,-118.51430986
839,34.286613764,-118.473278916
840,34.286613764,-118.432247972
841,34.286613764,-118.391217028
842,34.286613764,-118.350186084
843,34.286613764,-118.30915514
844,34.286613764,-118.268124196
845,34.14720984,-118.227093252
846,34.197902176,-118.51430986
847,34.21057526,-118.196320044
848,34.223248344,-118.534825332
849,33.969786664,-118.216835516
850,33.906421244,-118.4117325
851,33.919094328,-118.421990236
852,33.931767412,-118.51430986
853,33.95711358,-118.534825332
854,34.235921428,-118.627144956
855,34.071171336,-118.175804572
856,34.08384442,-118.370701556
857,33.805036572,-118.339928348
858,33.817709656,-118.61688722
859,34.020478999999995,-118.483536652
860,33.741671151999995,-118.350186084
861,33.754344235999994,-118.483536652
862,33.716324983999996,-118.20657778
863,33.728998067999996,-118.25786646
864,34.299286848,-118.56559854
865,34.159882924,-118.493794388
866,34.172556008,-118.319412876
867,34.197902176,-118.586114012
868,34.21057526,-118.20657778
869,33.89374816,-118.329670612
870,33.931767412,-118.586114012
871,33.944440496,-118.534825332
872,34.261267595999996,-118.247608724
873,34.071171336,-118.575856276
874,34.08384442,-118.380959292
875,33.767017319999994,-118.401474764
876,33.716324983999996,-118.196320044
877,34.299286848,-118.165546836
878,34.311959932,-118.319412876
879,34.324633016,-118.51430986
880,34.14720984,-118.20657778
881,34.159882924,-118.586114012
882,34.197902176,-118.493794388
883,33.906421244,-118.268124196
884,33.919094328,-118.401474764
885,33.931767412,-118.493794388
886,33.982459748,-118.288639668
887,34.058498252,-118.657918164
888,34.121863671999996,-118.36044382
889,34.134536755999996,-118.268124196
890,33.881075075999995,-118.339928348
891,33.817709656,-118.473278916
892,33.868401991999995,-118.350186084
893,33.754344235999994,-118.627144956
894,33.7036519,-118.25786646
895,33.716324983999996,-118.186062308
896,34.273940679999995,-118.483536652
897,34.197902176,-118.56559854
898,34.223248344,-118.545083068
899,34.235921428,-118.452763444
900,34.248594512,-118.442505708
901,33.95711358,-118.545083068
902,33.944440496,-118.555340804
903,33.906421244,-118.6681759
904,33.919094328,-118.657918164
905,33.931767412,-118.56559854
906,33.982459748,-118.278381932
907,33.969786664,-118.20657778
908,34.121863671999996,-118.350186084
909,34.134536755999996,-118.442505708
910,33.881075075999995,-118.452763444
911,33.792363488,-118.216835516
912,33.83038274,-118.247608724
913,33.868401991999995,-118.36044382
914,33.767017319999994,-118.627144956
915,34.311959932,-118.175804572
916,34.324633016,-118.493794388
917,34.14720984,-118.186062308
918,34.223248344,-118.493794388
919,34.235921428,-118.339928348
920,34.248594512,-118.268124196
921,33.95711358,-118.493794388
922,34.273940679999995,-118.370701556
923,34.058498252,-118.637402692
924,34.109190588,-118.596371748
925,34.121863671999996,-118.339928348
926,34.134536755999996,-118.370701556
927,33.881075075999995,-118.36044382
928,33.792363488,-118.473278916
929,33.83038274,-118.56559854
930,33.843055824,-118.596371748
931,33.868401991999995,-118.452763444
932,33.7036519,-118.237350988
933,33.728998067999996,-118.216835516
934,34.185229092,-118.227093252
935,34.21057526,-118.247608724
936,34.223248344,-118.647660428
937,34.261267595999996,-118.20657778
938,33.944440496,-118.575856276
939,33.95711358,-118.647660428
940,33.995132831999996,-118.370701556
941,34.071171336,-118.288639668
942,34.08384442,-118.421990236
943,33.792363488,-118.196320044
944,33.805036572,-118.452763444
945,33.855728907999996,-118.657918164
946,34.007805915999995,-118.339928348
947,33.767017319999994,-118.606629484
948,34.286613764,-118.175804572
949,34.299286848,-118.61688722
950,34.311959932,-118.524567596
951,34.14720984,-118.165546836
952,34.159882924,-118.545083068
953,34.185229092,-118.278381932
954,34.21057526,-118.25786646
955,33.995132831999996,-118.627144956
956,33.89374816,-118.380959292
957,34.045825168,-118.216835516
958,34.058498252,-118.61688722
959,34.071171336,-118.36044382
960,34.08384442,-118.432247972
961,33.805036572,-118.524567596
962,34.096517504,-118.504052124
963,34.020478999999995,-118.421990236
964,33.728998067999996,-118.319412876
965,33.754344235999994,-118.421990236
966,33.741671151999995,-118.4117325
967,34.299286848,-118.216835516
968,34.159882924,-118.30915514
969,34.172556008,-118.380959292
970,34.21057526,-118.268124196
971,33.919094328,-118.61688722
972,33.944440496,-118.596371748
973,34.071171336,-118.51430986
974,34.08384442,-118.442505708
975,33.855728907999996,-118.637402692
976,33.805036572,-118.350186084
977,33.817709656,-118.196320044
978,34.007805915999995,-118.483536652
979,33.767017319999994,-118.339928348
980,34.311959932,-118.380959292
981,34.324633016,-118.452763444
982,34.14720984,-118.6681759
983,34.14720984,-118.627144956
984,34.14720984,-118.586114012
985,34.14720984,-118.545083068
986,34.14720984,-118.504052124
987,34.14720984,-118.46302118
988,34.14720984,-118.421990236
989,34.14720984,-118.380959292
990,34.14720984,-118.339928348
991,34.14720984,-118.298897404
992,34.159882924,-118.647660428
993,34.172556008,-118.165546836
994,34.197902176,-118.432247972
995,33.906421244,-118.329670612
996,33.919094328,-118.339928348
997,33.931767412,-118.432247972
998,34.058498252,-118.596371748
999,34.109190588,-118.637402692
1000,34.121863671999996,-118.298897404
1001,34.134536755999996,-118.329670612
1002,33.868401991999995,-118.4117325
1003,33.881075075999995,-118.401474764
1004,33.817709656,-118.534825332
1005,33.843055824,-118.637402692
1006,34.020478999999995,-118.56559854
1007,33.7036519,-118.442505708
1008,33.728998067999996,-118.6681759
1009,33.754344235999994,-118.56559854
1010,34.197902176,-118.504052124
1011,34.223248344,-118.606629484
1012,34.235921428,-118.391217028
1013,34.248594512,-118.380959292
1014,33.919094328,-118.596371748
1015,33.931767412,-118.504052124
1016,33.944440496,-118.61688722
1017,33.95711358,-118.606629484
1018,33.982459748,-118.216835516
1019,34.261267595999996,-118.165546836
1020,34.109190588,-118.278381932
1021,34.121863671999996,-118.288639668
1022,34.134536755999996,-118.25786646
1023,33.843055824,-118.278381932
1024,33.855728907999996,-118.61688722
1025,33.868401991999995,-118.175804572
1026,33.881075075999995,-118.51430986
1027,33.767017319999994,-118.319412876
1028,33.754344235999994,-118.165546836
1029,34.311959932,-118.237350988
1030,34.324633016,-118.432247972
1031,33.868401991999995,-118.186062308
1032,34.223248344,-118.30915514
1033,34.235921428,-118.524567596
1034,34.248594512,-118.20657778
1035,34.273940679999995,-118.432247972
1036,33.969786664,-118.442505708
1037,33.906421244,-118.186062308
1038,34.058498252,-118.575856276
1039,33.969786664,-118.25786646
1040,33.982459748,-118.227093252
1041,33.982459748,-118.555340804
1042,33.995132831999996,-118.319412876
1043,33.995132831999996,-118.524567596
1044,33.89374816,-118.319412876
1045,33.906421244,-118.493794388
1046,33.906421244,-118.165546836
1047,33.919094328,-118.504052124
1048,33.919094328,-118.175804572
1049,33.779690404,-118.175804572
1050,33.792363488,-118.4117325
1051,33.817709656,-118.391217028
1052,33.728998067999996,-118.278381932
1053,33.7036519,-118.175804572
1054,34.299286848,-118.6681759
1055,34.159882924,-118.268124196
1056,34.172556008,-118.421990236
1057,34.185229092,-118.657918164
1058,34.21057526,-118.30915514
1059,33.89374816,-118.432247972
1060,33.906421244,-118.586114012
1061,33.944440496,-118.637402692
1062,34.071171336,-118.227093252
1063,34.08384442,-118.483536652
1064,33.805036572,-118.391217028
1065,33.83038274,-118.165546836
1066,33.855728907999996,-118.596371748
1067,33.741671151999995,-118.196320044
1068,33.767017319999994,-118.545083068
1069,34.159882924,-118.606629484
1070,34.172556008,-118.20657778
1071,34.185229092,-118.216835516
1072,34.21057526,-118.319412876
1073,33.89374816,-118.442505708
1074,34.045825168,-118.278381932
1075,34.058498252,-118.555340804
1076,34.071171336,-118.298897404
1077,34.08384442,-118.493794388
1078,33.779690404,-118.196320044
1079,33.805036572,-118.46302118
1080,34.096517504,-118.56559854
1081,33.7036519,-118.483536652
1082,33.741671151999995,-118.473278916
1083,33.728998067999996,-118.627144956
1084,34.096517504,-118.46302118
1085,34.299286848,-118.278381932
1086,34.159882924,-118.370701556
1087,34.172556008,-118.442505708
1088,34.185229092,-118.637402692
1089,34.21057526,-118.329670612
1090,33.89374816,-118.20657778
1091,33.919094328,-118.555340804
1092,33.944440496,-118.657918164
1093,34.045825168,-118.227093252
1094,34.08384442,-118.504052124
1095,34.096517504,-118.432247972
1096,33.881075075999995,-118.555340804
1097,33.805036572,-118.534825332
1098,33.855728907999996,-118.575856276
1099,34.007805915999995,-118.421990236
1100,33.754344235999994,-118.61688722
1101,33.767017319999994,-118.524567596
1102,34.311959932,-118.442505708
1103,34.324633016,-118.391217028
1104,34.134536755999996,-118.432247972
1105,34.223248344,-118.268124196
1106,34.235921428,-118.237350988
1107,34.248594512,-118.493794388
1108,33.969786664,-118.483536652
1109,33.982459748,-118.657918164
1110,33.919094328,-118.278381932
1111,33.95711358,-118.268124196
1112,34.058498252,-118.534825332
1113,34.096517504,-118.586114012
1114,34.121863671999996,-118.237350988
1115,33.779690404,-118.216835516
1116,33.817709656,-118.596371748
1117,33.83038274,-118.6681759
1118,33.868401991999995,-118.227093252
1119,33.881075075999995,-118.46302118
1120,34.020478999999995,-118.504052124
1121,33.754344235999994,-118.504052124
1122,33.7036519,-118.380959292
1123,34.299286848,-118.298897404
1124,34.109190588,-118.20657778
1125,34.223248344,-118.421990236
1126,34.235921428,-118.575856276
1127,34.248594512,-118.319412876
1128,34.273940679999995,-118.545083068
1129,33.919094328,-118.534825332
1130,33.95711358,-118.421990236
1131,33.969786664,-118.329670612
1132,34.109190588,-118.216835516
1133,34.121863671999996,-118.227093252
1134,34.134536755999996,-118.319412876
1135,33.868401991999995,-118.237350988
1136,33.843055824,-118.216835516
1137,33.855728907999996,-118.555340804
1138,34.007805915999995,-118.237350988
1139,34.020478999999995,-118.165546836
1140,33.767017319999994,-118.25786646
1141,34.311959932,-118.298897404
1142,34.324633016,-118.370701556
1143,34.033152084,-118.339928348
1144,34.033152084,-118.298897404
1145,34.033152084,-118.421990236
1146,34.045825168,-118.596371748
1147,34.033152084,-118.380959292
1148,34.045825168,-118.637402692
1149,34.033152084,-118.504052124
1150,34.033152084,-118.175804572
1151,34.033152084,-118.46302118
1152,34.045825168,-118.555340804
1153,34.223248344,-118.370701556
1154,34.235921428,-118.46302118
1155,34.273940679999995,-118.493794388
1156,33.982459748,-118.637402692
1157,33.995132831999996,-118.647660428
1158,33.969786664,-118.380959292
1159,33.906421244,-118.247608724
1160,33.95711358,-118.370701556
1161,34.033152084,-118.165546836
1162,34.058498252,-118.51430986
1163,34.109190588,-118.227093252
1164,34.121863671999996,-118.216835516
1165,33.779690404,-118.237350988
1166,33.792363488,-118.350186084
1167,33.817709656,-118.452763444
1168,33.83038274,-118.442505708
1169,33.843055824,-118.227093252
1170,34.134536755999996,-118.247608724
1171,33.741671151999995,-118.186062308
1172,33.7036519,-118.36044382
1173,34.159882924,-118.329670612
1174,34.172556008,-118.483536652
1175,34.185229092,-118.596371748
1176,34.21057526,-118.370701556
1177,33.995132831999996,-118.247608724
1178,33.89374816,-118.493794388
1179,33.906421244,-118.647660428
1180,34.08384442,-118.637402692
1181,34.033152084,-118.25786646
1182,34.071171336,-118.4117325
1183,34.08384442,-118.545083068
1184,34.109190588,-118.196320044
1185,33.843055824,-118.196320044
1186,33.855728907999996,-118.534825332
1187,33.805036572,-118.575856276
1188,34.007805915999995,-118.46302118
1189,33.741671151999995,-118.586114012
1190,33.767017319999994,-118.237350988
1191,34.159882924,-118.421990236
1192,34.172556008,-118.268124196
1193,34.21057526,-118.380959292
1194,34.261267595999996,-118.6681759
1195,33.995132831999996,-118.504052124
1196,33.89374816,-118.25786646
1197,34.058498252,-118.493794388
1198,33.792363488,-118.637402692
1199,33.792363488,-118.30915514
1200,33.805036572,-118.545083068
1201,33.805036572,-118.216835516
1202,33.817709656,-118.657918164
1203,33.817709656,-118.329670612
1204,33.83038274,-118.401474764
1205,33.843055824,-118.432247972
1206,33.855728907999996,-118.504052124
1207,33.855728907999996,-118.298897404
1208,33.843055824,-118.20657778
1209,33.817709656,-118.30915514
1210,33.83038274,-118.298897404
1211,33.741671151999995,-118.534825332
1212,33.7036519,-118.421990236
1213,34.223248344,-118.380959292
1214,34.235921428,-118.288639668
1215,34.248594512,-118.606629484
1216,34.273940679999995,-118.25786646
1217,33.969786664,-118.370701556
1218,33.906421244,-118.504052124
1219,33.95711358,-118.380959292
1220,34.045825168,-118.288639668
1221,34.071171336,-118.637402692
1222,34.08384442,-118.56559854
1223,34.096517504,-118.493794388
1224,33.881075075999995,-118.61688722
1225,33.805036572,-118.473278916
1226,33.855728907999996,-118.51430986
1227,34.020478999999995,-118.61688722
1228,33.767017319999994,-118.46302118
1229,33.754344235999994,-118.555340804
1230,34.299286848,-118.350186084
1231,34.223248344,-118.329670612
1232,34.235921428,-118.175804572
1233,34.248594512,-118.432247972
1234,34.273940679999995,-118.20657778
1235,33.95711358,-118.329670612
1236,33.969786664,-118.421990236
1237,33.982459748,-118.596371748
1238,34.045825168,-118.196320044
1239,34.058498252,-118.473278916
1240,34.096517504,-118.647660428
1241,34.121863671999996,-118.175804572
1242,33.881075075999995,-118.524567596
1243,33.868401991999995,-118.288639668
1244,33.779690404,-118.278381932
1245,34.134536755999996,-118.20657778
1246,33.7036519,-118.401474764
1247,34.299286848,-118.36044382
1248,34.197902176,-118.627144956
1249,34.223248344,-118.483536652
1250,34.235921428,-118.51430986
1251,34.248594512,-118.25786646
1252,33.969786664,-118.268124196
1253,34.273940679999995,-118.606629484
1254,34.096517504,-118.51430986
1255,34.121863671999996,-118.165546836
1256,33.855728907999996,-118.493794388
1257,34.311959932,-118.36044382
1258,34.324633016,-118.30915514
1259,34.159882924,-118.380959292
1260,34.172556008,-118.30915514
1261,34.21057526,-118.421990236
1262,34.261267595999996,-118.627144956
1263,34.058498252,-118.452763444
1264,34.071171336,-118.196320044
1265,34.109190588,-118.4117325
1266,33.83038274,-118.25786646
1267,33.843055824,-118.4117325
1268,33.868401991999995,-118.637402692
1269,34.273940679999995,-118.421990236
1270,34.311959932,-118.637402692
1271,34.172556008,-118.545083068
1272,34.185229092,-118.534825332
1273,34.21057526,-118.432247972
1274,34.071171336,-118.350186084
1275,34.08384442,-118.606629484
1276,33.805036572,-118.51430986
1277,33.855728907999996,-118.473278916
1278,34.311959932,-118.216835516
1279,34.020478999999995,-118.30915514
1280,34.007805915999995,-118.545083068
1281,34.007805915999995,-118.504052124
1282,34.007805915999995,-118.216835516
1283,34.020478999999995,-118.555340804
1284,34.020478999999995,-118.227093252
1285,34.007805915999995,-118.6681759
1286,34.007805915999995,-118.627144956
1287,34.007805915999995,-118.586114012
1288,34.007805915999995,-118.25786646
1289,34.159882924,-118.483536652
1290,34.172556008,-118.329670612
1291,34.21057526,-118.442505708
1292,33.995132831999996,-118.56559854
1293,34.058498252,-118.432247972
1294,34.08384442,-118.61688722
1295,33.881075075999995,-118.56559854
1296,33.779690404,-118.319412876
1297,33.792363488,-118.268124196
1298,33.805036572,-118.586114012
1299,33.817709656,-118.370701556
1300,33.83038274,-118.36044382
1301,33.868401991999995,-118.247608724
1302,33.728998067999996,-118.504052124
1303,33.7036519,-118.606629484
1304,34.197902176,-118.6681759
1305,34.223248344,-118.442505708
1306,34.235921428,-118.227093252
1307,34.248594512,-118.545083068
1308,33.906421244,-118.56559854
1309,33.931767412,-118.6681759
1310,33.95711358,-118.442505708
1311,33.995132831999996,-118.165546836
1312,33.969786664,-118.30915514
1313,34.273940679999995,-118.319412876
1314,34.033152084,-118.6681759
1315,34.045825168,-118.350186084
1316,34.08384442,-118.627144956
1317,34.096517504,-118.30915514
1318,33.805036572,-118.657918164
1319,33.855728907999996,-118.452763444
1320,33.7036519,-118.61688722
1321,34.299286848,-118.4117325
1322,34.197902176,-118.247608724
1323,34.235921428,-118.36044382
1324,34.248594512,-118.370701556
1325,34.261267595999996,-118.586114012
1326,33.931767412,-118.247608724
1327,33.969786664,-118.606629484
1328,33.982459748,-118.534825332
1329,34.273940679999995,-118.268124196
1330,34.058498252,-118.4117325
1331,33.716324983999996,-118.329670612
1332,33.741671151999995,-118.227093252
1333,33.728998067999996,-118.380959292
1334,33.754344235999994,-118.606629484
1335,33.716324983999996,-118.657918164
1336,33.754344235999994,-118.278381932
1337,33.767017319999994,-118.534825332
1338,33.741671151999995,-118.596371748
1339,33.741671151999995,-118.268124196
1340,33.7036519,-118.278381932
1341,33.83038274,-118.545083068
1342,33.779690404,-118.339928348
1343,33.792363488,-118.575856276
1344,34.020478999999995,-118.216835516
1345,33.754344235999994,-118.216835516
1346,33.716324983999996,-118.596371748
1347,33.7036519,-118.339928348
1348,34.299286848,-118.175804572
1349,34.324633016,-118.647660428
1350,34.172556008,-118.586114012
1351,34.197902176,-118.319412876
1352,34.273940679999995,-118.6681759
1353,33.906421244,-118.421990236
1354,33.919094328,-118.4117325
1355,33.931767412,-118.319412876
1356,34.045825168,-118.20657778
1357,34.096517504,-118.575856276
1358,34.134536755999996,-118.196320044
1359,33.855728907999996,-118.432247972
1360,33.716324983999996,-118.586114012
1361,33.767017319999994,-118.380959292
1362,34.324633016,-118.247608724
1363,34.159882924,-118.442505708
1364,34.172556008,-118.370701556
1365,34.21057526,-118.483536652
1366,33.89374816,-118.606629484
1367,34.058498252,-118.391217028
1368,34.109190588,-118.350186084
1369,33.792363488,-118.227093252
1370,33.817709656,-118.575856276
1371,33.83038274,-118.319412876
1372,33.843055824,-118.350186084
1373,33.779690404,-118.36044382
1374,33.741671151999995,-118.30915514
1375,33.716324983999996,-118.575856276
1376,33.728998067999996,-118.46302118
1377,33.754344235999994,-118.36044382
1378,34.324633016,-118.627144956
1379,34.159882924,-118.20657778
1380,34.172556008,-118.606629484
1381,34.185229092,-118.473278916
1382,34.21057526,-118.493794388
1383,33.89374816,-118.370701556
1384,34.033152084,-118.627144956
1385,34.045825168,-118.391217028
1386,34.071171336,-118.534825332
1387,34.08384442,-118.6681759
1388,33.855728907999996,-118.4117325
1389,34.096517504,-118.268124196
1390,33.728998067999996,-118.555340804
1391,33.767017319999994,-118.36044382
1392,34.311959932,-118.278381932
1393,34.185229092,-118.524567596
1394,34.21057526,-118.504052124
1395,34.261267595999996,-118.545083068
1396,33.89374816,-118.627144956
1397,33.944440496,-118.175804572
1398,33.969786664,-118.647660428
1399,33.995132831999996,-118.380959292
1400,34.058498252,-118.370701556
1401,34.109190588,-118.329670612
1402,34.134536755999996,-118.637402692
1403,33.779690404,-118.380959292
1404,33.792363488,-118.20657778
1405,33.817709656,-118.432247972
1406,33.83038274,-118.175804572
1407,33.843055824,-118.329670612
1408,33.881075075999995,-118.627144956
1409,34.020478999999995,-118.6681759
1410,33.728998067999996,-118.56559854
1411,33.754344235999994,-118.6681759
1412,33.7036519,-118.545083068
1413,33.741671151999995,-118.657918164
1414,34.299286848,-118.46302118
1415,34.311959932,-118.555340804
1416,34.185229092,-118.61688722
1417,34.223248344,-118.25786646
1418,34.235921428,-118.4117325
1419,34.248594512,-118.483536652
1420,33.906421244,-118.627144956
1421,33.95711358,-118.25786646
1422,34.273940679999995,-118.380959292
1423,34.045825168,-118.4117325
1424,34.096517504,-118.370701556
1425,33.855728907999996,-118.391217028
1426,33.805036572,-118.596371748
1427,33.7036519,-118.555340804
1428,34.299286848,-118.227093252
1429,34.286613764,-118.6681759
1430,34.286613764,-118.627144956
1431,34.286613764,-118.586114012
1432,34.286613764,-118.545083068
1433,34.286613764,-118.504052124
1434,34.286613764,-118.46302118
1435,34.286613764,-118.421990236
1436,34.286613764,-118.380959292
1437,34.286613764,-118.339928348
1438,34.286613764,-118.298897404
1439,34.197902176,-118.186062308
1440,34.223248344,-118.20657778
1441,34.235921428,-118.298897404
1442,34.248594512,-118.30915514
1443,33.982459748,-118.473278916
1444,33.931767412,-118.186062308
1445,33.944440496,-118.196320044
1446,33.95711358,-118.20657778
1447,33.969786664,-118.545083068
1448,34.261267595999996,-118.647660428
1449,34.058498252,-118.350186084
1450,34.109190588,-118.391217028
1451,33.779690404,-118.401474764
1452,33.792363488,-118.51430986
1453,33.817709656,-118.288639668
1454,33.83038274,-118.606629484
1455,33.843055824,-118.391217028
1456,33.868401991999995,-118.657918164
1457,33.716324983999996,-118.534825332
1458,33.7036519,-118.524567596
1459,34.299286848,-118.237350988
1460,34.324633016,-118.586114012
1461,34.159882924,-118.165546836
1462,34.172556008,-118.647660428
1463,34.197902176,-118.25786646
1464,34.235921428,-118.637402692
1465,33.906421244,-118.483536652
1466,33.919094328,-118.350186084
1467,33.931767412,-118.25786646
1468,33.982459748,-118.46302118
1469,34.248594512,-118.627144956
1470,34.045825168,-118.268124196
1471,34.071171336,-118.247608724
1472,34.096517504,-118.391217028
1473,33.855728907999996,-118.370701556
1474,34.007805915999995,-118.298897404
1475,33.741671151999995,-118.421990236
1476,33.716324983999996,-118.524567596
1477,33.7036519,-118.534825332
1478,33.728998067999996,-118.51430986
1479,33.754344235999994,-118.4117325
1480,34.286613764,-118.216835516
1481,34.324633016,-118.186062308
1482,34.159882924,-118.25786646
1483,34.172556008,-118.432247972
1484,34.197902176,-118.165546836
1485,34.21057526,-118.545083068
1486,33.89374816,-118.421990236
1487,33.931767412,-118.165546836
1488,33.944440496,-118.216835516
1489,33.995132831999996,-118.6681759
1490,33.982459748,-118.61688722
1491,34.261267595999996,-118.504052124
1492,34.058498252,-118.329670612
1493,34.071171336,-118.647660428
1494,34.109190588,-118.370701556
1495,34.134536755999996,-118.596371748
1496,33.779690404,-118.421990236
1497,33.792363488,-118.493794388
1498,33.83038274,-118.46302118
1499,33.843055824,-118.370701556
1500,33.881075075999995,-118.6681759
1501,34.020478999999995,-118.298897404
1502,33.728998067999996,-118.524567596
1503,33.754344235999994,-118.298897404
1504,33.741671151999995,-118.370701556
1505,33.716324983999996,-118.51430986
1506,34.324633016,-118.56559854
1507,34.08384442,-118.555340804
1508,34.197902176,-118.237350988
1509,34.21057526,-118.555340804
1510,34.223248344,-118.216835516
1511,33.906421244,-118.339928348
1512,33.919094328,-118.329670612
1513,33.95711358,-118.216835516
1514,33.969786664,-118.534825332
1515,33.982459748,-118.606629484
1516,33.931767412,-118.237350988
1517,34.045825168,-118.452763444
1518,34.071171336,-118.473278916
1519,34.096517504,-118.329670612
1520,33.805036572,-118.637402692
1521,33.855728907999996,-118.350186084
1522,34.007805915999995,-118.442505708
1523,33.728998067999996,-118.61688722
1524,33.767017319999994,-118.298897404
1525,34.286613764,-118.196320044
1526,34.299286848,-118.51430986
1527,34.324633016,-118.165546836
1528,34.185229092,-118.46302118
1529,34.21057526,-118.56559854
1530,34.223248344,-118.165546836
1531,34.261267595999996,-118.606629484
1532,33.995132831999996,-118.442505708
1533,33.944440496,-118.237350988
1534,33.95711358,-118.165546836
1535,33.969786664,-118.586114012
1536,34.058498252,-118.30915514
1537,34.109190588,-118.268124196
1538,34.121863671999996,-118.6681759
1539,33.817709656,-118.493794388
1540,33.83038274,-118.237350988
1541,33.843055824,-118.268124196
1542,33.779690404,-118.442505708
1543,34.299286848,-118.524567596
1544,34.311959932,-118.61688722
1545,34.185229092,-118.555340804
1546,34.223248344,-118.319412876
1547,34.235921428,-118.350186084
1548,34.248594512,-118.421990236
1549,33.919094328,-118.637402692
1550,33.95711358,-118.319412876
1551,33.969786664,-118.432247972
1552,34.273940679999995,-118.442505708
1553,34.045825168,-118.30915514
1554,34.096517504,-118.350186084
1555,33.855728907999996,-118.329670612
1556,33.767017319999994,-118.278381932
1557,34.299286848,-118.288639668
1558,34.311959932,-118.196320044
1559,34.159882924,-118.216835516
1560,34.172556008,-118.473278916
1561,34.185229092,-118.606629484
1562,34.261267595999996,-118.46302118
1563,33.995132831999996,-118.298897404
1564,33.944440496,-118.25786646
1565,34.058498252,-118.288639668
1566,34.109190588,-118.575856276
1567,33.868401991999995,-118.473278916
1568,33.881075075999995,-118.216835516
1569,33.779690404,-118.46302118
1570,33.792363488,-118.452763444
1571,33.805036572,-118.196320044
1572,33.817709656,-118.350186084
1573,33.83038274,-118.421990236
1574,33.843055824,-118.575856276
1575,33.716324983999996,-118.473278916
1576,33.7036519,-118.46302118
1577,34.311959932,-118.473278916
1578,34.197902176,-118.442505708
1579,34.223248344,-118.6681759
1580,34.248594512,-118.56559854
1581,33.982459748,-118.401474764
1582,33.906421244,-118.545083068
1583,33.919094328,-118.288639668
1584,33.931767412,-118.442505708
1585,33.95711358,-118.6681759
1586,34.045825168,-118.329670612
1587,34.071171336,-118.186062308
1588,34.096517504,-118.452763444
1589,34.020478999999995,-118.4117325
1590,33.728998067999996,-118.575856276
1591,33.716324983999996,-118.46302118
1592,33.754344235999994,-118.350186084
1593,33.741671151999995,-118.483536652
1594,33.7036519,-118.473278916
1595,34.14720984,-118.657918164
1596,34.14720984,-118.61688722
1597,34.14720984,-118.575856276
1598,34.14720984,-118.534825332
1599,34.14720984,-118.493794388
1600,34.14720984,-118.452763444
1601,34.14720984,-118.4117325
1602,34.14720984,-118.370701556
1603,34.14720984,-118.329670612
1604,34.08384442,-118.227093252
1605,34.159882924,-118.319412876
1606,34.172556008,-118.493794388
1607,34.21057526,-118.606629484
1608,34.261267595999996,-118.56559854
1609,33.89374816,-118.483536652
1610,33.944440496,-118.278381932
1611,34.058498252,-118.268124196
1612,34.071171336,-118.586114012
1613,34.109190588,-118.30915514
1614,34.121863671999996,-118.627144956
1615,33.843055824,-118.30915514
1616,33.779690404,-118.483536652
1617,33.792363488,-118.432247972
1618,33.817709656,-118.20657778
1619,33.83038274,-118.524567596
1620,34.134536755999996,-118.657918164
1621,34.007805915999995,-118.165546836
1622,34.020478999999995,-118.237350988
1623,33.741671151999995,-118.432247972
1624,33.716324983999996,-118.452763444
1625,33.728998067999996,-118.339928348
1626,33.754344235999994,-118.237350988
1627,34.324633016,-118.504052124
1628,33.792363488,-118.657918164
1629,34.197902176,-118.175804572
1630,34.21057526,-118.61688722
1631,34.223248344,-118.278381932
1632,33.969786664,-118.473278916
1633,33.982459748,-118.545083068
1634,33.906421244,-118.401474764
1635,33.919094328,-118.268124196
1636,33.931767412,-118.175804572
1637,33.95711358,-118.278381932
1638,34.045825168,-118.51430986
1639,34.071171336,-118.657918164
1640,34.121863671999996,-118.61688722
1641,34.134536755999996,-118.586114012
1642,33.855728907999996,-118.288639668
1643,34.007805915999995,-118.380959292
1644,34.299286848,-118.575856276
1645,33.881075075999995,-118.504052124
1646,34.159882924,-118.6681759
1647,34.185229092,-118.401474764
1648,34.21057526,-118.627144956
1649,34.235921428,-118.196320044
1650,33.89374816,-118.504052124
1651,33.944440496,-118.298897404
1652,33.995132831999996,-118.25786646
1653,34.261267595999996,-118.421990236
1654,34.058498252,-118.247608724
1655,33.969786664,-118.51430986
1656,33.89374816,-118.61688722
1657,33.89374816,-118.288639668
1658,33.906421244,-118.524567596
1659,33.906421244,-118.196320044
1660,33.919094328,-118.473278916
1661,33.931767412,-118.627144956
1662,33.931767412,-118.298897404
1663,33.944440496,-118.4117325
1664,33.95711358,-118.483536652
1665,33.868401991999995,-118.432247972
1666,33.881075075999995,-118.25786646
1667,33.779690404,-118.504052124
1668,33.767017319999994,-118.637402692
1669,34.121863671999996,-118.278381932
1670,34.299286848,-118.339928348
1671,34.197902176,-118.483536652
1672,34.223248344,-118.627144956
1673,34.235921428,-118.534825332
1674,34.273940679999995,-118.504052124
1675,33.982459748,-118.36044382
1676,33.95711358,-118.627144956
1677,33.906421244,-118.25786646
1678,33.919094328,-118.575856276
1679,33.931767412,-118.483536652
1680,34.045825168,-118.370701556
1681,34.096517504,-118.4117325
1682,33.855728907999996,-118.268124196
1683,33.767017319999994,-118.216835516
1684,34.299286848,-118.596371748
1685,34.045825168,-118.504052124
1686,34.159882924,-118.278381932
1687,34.172556008,-118.534825332
1688,34.185229092,-118.545083068
1689,34.261267595999996,-118.524567596
1690,33.944440496,-118.319412876
1691,33.995132831999996,-118.36044382
1692,34.058498252,-118.227093252
1693,34.08384442,-118.165546836
1694,34.109190588,-118.51430986
1695,33.868401991999995,-118.534825332
1696,33.779690404,-118.524567596
1697,33.792363488,-118.391217028
1698,33.817709656,-118.4117325
1699,33.83038274,-118.483536652
1700,33.843055824,-118.51430986
1701,33.881075075999995,-118.278381932
1702,34.020478999999995,-118.524567596
1703,33.716324983999996,-118.4117325
1704,33.767017319999994,-118.61688722
1705,33.728998067999996,-118.298897404
1706,33.754344235999994,-118.524567596
1707,34.311959932,-118.534825332
1708,34.197902176,-118.380959292
1709,34.248594512,-118.504052124
1710,33.982459748,-118.339928348
1711,33.906421244,-118.606629484
1712,33.919094328,-118.227093252
1713,33.931767412,-118.380959292
1714,34.071171336,-118.370701556
1715,34.08384442,-118.175804572
1716,34.109190588,-118.647660428
1717,33.805036572,-118.20657778
1718,33.843055824,-118.647660428
1719,33.855728907999996,-118.247608724
1720,34.020478999999995,-118.350186084
1721,33.716324983999996,-118.401474764
1722,33.741671151999995,-118.545083068
1723,33.767017319999994,-118.196320044
1724,33.7036519,-118.657918164
1725,33.728998067999996,-118.391217028
1726,33.754344235999994,-118.288639668
1727,34.159882924,-118.627144956
1728,34.185229092,-118.36044382
1729,34.21057526,-118.6681759
1730,34.248594512,-118.165546836
1731,33.995132831999996,-118.545083068
1732,33.944440496,-118.339928348
1733,34.261267595999996,-118.380959292
1734,34.033152084,-118.555340804
1735,34.058498252,-118.20657778
1736,34.109190588,-118.493794388
1737,34.121863671999996,-118.56559854
1738,33.779690404,-118.545083068
1739,33.792363488,-118.370701556
1740,33.817709656,-118.268124196
1741,33.83038274,-118.339928348
1742,33.843055824,-118.493794388
1743,34.134536755999996,-118.473278916
1744,34.020478999999995,-118.175804572
1745,33.716324983999996,-118.391217028
1746,33.728998067999996,-118.401474764
1747,33.754344235999994,-118.175804572
1748,33.741671151999995,-118.493794388
1749,34.311959932,-118.391217028
1750,34.324633016,-118.442505708
1751,34.197902176,-118.36044382
1752,34.235921428,-118.247608724
1753,34.273940679999995,-118.216835516
1754,33.982459748,-118.483536652
1755,33.89374816,-118.555340804
1756,33.906421244,-118.46302118
1757,33.919094328,-118.20657778
1758,33.931767412,-118.36044382
1759,33.969786664,-118.657918164
1760,34.045825168,-118.575856276
1761,34.071171336,-118.596371748
1762,34.096517504,-118.20657778
1763,34.121863671999996,-118.555340804
1764,33.855728907999996,-118.227093252
1765,34.134536755999996,-118.647660428
1766,34.299286848,-118.391217028
1767,34.033152084,-118.268124196
1768,34.033152084,-118.186062308
1769,34.033152084,-118.391217028
1770,34.045825168,-118.627144956
1771,34.033152084,-118.350186084
1772,34.045825168,-118.6681759
1773,34.033152084,-118.473278916
1774,34.045825168,-118.545083068
1775,34.045825168,-118.586114012
1776,34.033152084,-118.432247972
1777,34.185229092,-118.339928348
1778,34.261267595999996,-118.483536652
1779,34.273940679999995,-118.165546836
1780,33.89374816,-118.56559854
1781,33.944440496,-118.36044382
1782,34.045825168,-118.647660428
1783,34.058498252,-118.186062308
1784,34.096517504,-118.196320044
1785,34.121863671999996,-118.545083068
1786,33.868401991999995,-118.493794388
1787,33.881075075999995,-118.319412876
1788,33.779690404,-118.56559854
1789,34.134536755999996,-118.575856276
1790,34.007805915999995,-118.247608724
1791,34.299286848,-118.401474764
1792,33.868401991999995,-118.51430986
1793,33.881075075999995,-118.175804572
1794,34.197902176,-118.421990236
1795,34.235921428,-118.473278916
1796,34.273940679999995,-118.56559854
1797,33.982459748,-118.298897404
1798,33.89374816,-118.165546836
1799,33.906421244,-118.319412876
1800,33.919094328,-118.51430986
1801,33.931767412,-118.421990236
1802,34.045825168,-118.432247972
1803,34.08384442,-118.216835516
1804,34.096517504,-118.227093252
1805,33.855728907999996,-118.20657778
1806,33.868401991999995,-118.586114012
1807,33.805036572,-118.247608724
1808,33.741671151999995,-118.25786646
1809,33.716324983999996,-118.36044382
1810,33.728998067999996,-118.350186084
1811,33.754344235999994,-118.575856276
1812,34.299286848,-118.657918164
1813,34.172556008,-118.596371748
1814,34.185229092,-118.483536652
1815,34.248594512,-118.61688722
1816,34.261267595999996,-118.339928348
1817,33.995132831999996,-118.175804572
1818,33.944440496,-118.380959292
1819,34.033152084,-118.51430986
1820,33.843055824,-118.36044382
1821,33.779690404,-118.227093252
1822,33.792363488,-118.36044382
1823,33.805036572,-118.61688722
1824,33.805036572,-118.288639668
1825,33.805036572,-118.4117325
1826,33.817709656,-118.6681759
1827,33.817709656,-118.339928348
1828,33.83038274,-118.596371748
1829,33.83038274,-118.268124196
1830,33.805036572,-118.319412876
1831,33.779690404,-118.586114012
1832,34.020478999999995,-118.46302118
1833,33.728998067999996,-118.36044382
1834,33.754344235999994,-118.46302118
1835,33.716324983999996,-118.350186084
1836,33.741671151999995,-118.20657778
1837,33.767017319999994,-118.555340804
1838,34.311959932,-118.596371748
1839,34.197902176,-118.401474764
1840,34.248594512,-118.278381932
1841,33.982459748,-118.442505708
1842,33.906421244,-118.175804572
1843,33.919094328,-118.493794388
1844,33.931767412,-118.401474764
1845,34.033152084,-118.524567596
1846,34.071171336,-118.30915514
1847,34.08384442,-118.237350988
1848,34.109190588,-118.586114012
1849,33.843055824,-118.586114012
1850,33.855728907999996,-118.186062308
1851,34.020478999999995,-118.288639668
1852,33.728998067999996,-118.452763444
1853,33.754344235999994,-118.227093252
1854,33.7036519,-118.596371748
1855,33.741671151999995,-118.606629484
1856,33.716324983999996,-118.339928348
1857,34.185229092,-118.298897404
1858,34.261267595999996,-118.442505708
1859,33.995132831999996,-118.606629484
1860,34.033152084,-118.61688722
1861,34.109190588,-118.432247972
1862,34.121863671999996,-118.504052124
1863,34.134536755999996,-118.534825332
1864,33.779690404,-118.606629484
1865,34.311959932,-118.452763444
1866,34.324633016,-118.380959292
1867,34.197902176,-118.298897404
1868,34.235921428,-118.186062308
1869,34.273940679999995,-118.278381932
1870,33.969786664,-118.596371748
1871,33.982459748,-118.421990236
1872,34.109190588,-118.56559854
1873,34.121863671999996,-118.493794388
1874,34.134536755999996,-118.46302118
1875,33.843055824,-118.56559854
1876,33.855728907999996,-118.165546836
1877,33.868401991999995,-118.545083068
1878,34.299286848,-118.452763444
1879,34.172556008,-118.637402692
1880,34.185229092,-118.442505708
1881,34.235921428,-118.647660428
1882,34.261267595999996,-118.298897404
1883,33.995132831999996,-118.46302118
1884,34.273940679999995,-118.555340804
1885,34.096517504,-118.627144956
1886,34.121863671999996,-118.483536652
1887,34.134536755999996,-118.391217028
1888,33.779690404,-118.627144956
1889,33.868401991999995,-118.30915514
1890,33.881075075999995,-118.380959292
1891,34.311959932,-118.30915514
1892,34.324633016,-118.36044382
1893,34.197902176,-118.606629484
1894,34.223248344,-118.504052124
1895,34.235921428,-118.657918164
1896,34.273940679999995,-118.627144956
1897,33.919094328,-118.452763444
1898,33.931767412,-118.606629484
1899,33.95711358,-118.504052124
1900,33.982459748,-118.237350988
1901,33.969786664,-118.247608724
1902,34.045825168,-118.493794388
1903,34.08384442,-118.278381932
1904,34.096517504,-118.288639668
1905,33.805036572,-118.186062308
1906,33.881075075999995,-118.165546836
1907,33.868401991999995,-118.647660428
1908,33.741671151999995,-118.319412876
1909,34.134536755999996,-118.51430986
1910,34.299286848,-118.473278916
1911,34.007805915999995,-118.186062308
1912,34.020478999999995,-118.586114012
1913,34.020478999999995,-118.25786646
1914,34.007805915999995,-118.555340804
1915,34.007805915999995,-118.51430986
1916,34.007805915999995,-118.637402692
1917,34.007805915999995,-118.596371748
1918,34.020478999999995,-118.627144956
1919,34.007805915999995,-118.227093252
1920,34.020478999999995,-118.545083068
1921,34.172556008,-118.657918164
1922,34.185229092,-118.421990236
1923,34.248594512,-118.555340804
1924,34.261267595999996,-118.401474764
1925,33.944440496,-118.442505708
1926,33.995132831999996,-118.237350988
1927,34.071171336,-118.421990236
1928,34.08384442,-118.288639668
1929,34.096517504,-118.278381932
1930,33.779690404,-118.647660428
1931,33.805036572,-118.25786646
1932,33.716324983999996,-118.288639668
1933,33.728998067999996,-118.175804572
1934,33.754344235999994,-118.401474764
1935,34.311959932,-118.657918164
1936,34.324633016,-118.6681759
1937,34.273940679999995,-118.452763444
1938,34.121863671999996,-118.196320044
1939,34.197902176,-118.339928348
1940,34.248594512,-118.216835516
1941,33.906421244,-118.237350988
1942,33.919094328,-118.432247972
1943,33.931767412,-118.339928348
1944,33.969786664,-118.637402692
1945,33.982459748,-118.380959292
1946,34.071171336,-118.493794388
1947,34.08384442,-118.298897404
1948,34.096517504,-118.637402692
1949,33.792363488,-118.647660428
1950,33.805036572,-118.329670612
1951,33.83038274,-118.555340804
1952,33.7036519,-118.288639668
1953,33.716324983999996,-118.278381932
1954,33.754344235999994,-118.657918164
1955,34.033152084,-118.288639668
1956,34.045825168,-118.524567596
1957,34.007805915999995,-118.288639668
1958,34.020478999999995,-118.606629484
1959,34.020478999999995,-118.278381932
1960,34.033152084,-118.545083068
1961,34.033152084,-118.216835516
1962,34.007805915999995,-118.175804572
1963,34.020478999999995,-118.432247972
1964,34.033152084,-118.30915514
1965,34.159882924,-118.504052124
1966,34.172556008,-118.186062308
1967,34.185229092,-118.237350988
1968,34.261267595999996,-118.25786646
1969,33.944440496,-118.46302118
1970,33.89374816,-118.6681759
1971,33.995132831999996,-118.421990236
1972,34.121863671999996,-118.442505708
1973,33.754344235999994,-118.370701556
1974,33.7036519,-118.247608724
1975,33.716324983999996,-118.319412876
1976,33.7036519,-118.575856276
1977,33.767017319999994,-118.442505708
1978,33.741671151999995,-118.627144956
1979,33.741671151999995,-118.298897404
1980,33.716324983999996,-118.647660428
1981,33.741671151999995,-118.6681759
1982,33.741671151999995,-118.339928348
1983,33.779690404,-118.6681759
1984,33.792363488,-118.247608724
1985,33.868401991999995,-118.268124196
1986,34.248594512,-118.637402692
1987,33.767017319999994,-118.473278916
1988,34.286613764,-118.288639668
1989,34.311959932,-118.51430986
1990,34.324633016,-118.319412876
1991,34.185229092,-118.165546836
1992,34.223248344,-118.46302118
1993,34.235921428,-118.370701556
1994,34.248594512,-118.36044382
1995,33.95711358,-118.46302118
1996,33.969786664,-118.288639668
1997,34.273940679999995,-118.339928348
1998,34.109190588,-118.504052124
1999,34.121863671999996,-118.432247972
2000,34.134536755999996,-118.524567596
2001,33.868401991999995,-118.606629484
2002,33.792363488,-118.627144956
2003,33.83038274,-118.657918164
2004,33.843055824,-118.504052124
2005,33.881075075999995,-118.20657778
2006,34.185229092,-118.380959292
2007,34.235921428,-118.586114012
2008,34.261267595999996,-118.36044382
2009,34.273940679999995,-118.61688722
2010,33.89374816,-118.278381932
2011,33.944440496,-118.483536652
2012,34.121863671999996,-118.421990236
2013,34.134536755999996,-118.452763444
2014,33.817709656,-118.247608724
2015,33.881075075999995,-118.442505708
2016,33.868401991999995,-118.370701556
2017,33.767017319999994,-118.452763444
2018,34.311959932,-118.370701556
2019,34.324633016,-118.298897404
2020,34.14720984,-118.25786646
2021,34.197902176,-118.545083068
2022,34.21057526,-118.165546836
2023,34.223248344,-118.56559854
2024,33.906421244,-118.442505708
2025,33.919094328,-118.391217028
2026,33.931767412,-118.545083068
2027,33.95711358,-118.56559854
2028,33.982459748,-118.175804572
2029,33.969786664,-118.186062308
2030,34.071171336,-118.20657778
2031,34.08384442,-118.339928348
2032,34.096517504,-118.596371748
2033,33.805036572,-118.370701556
2034,33.817709656,-118.586114012
2035,34.020478999999995,-118.51430986
2036,33.716324983999996,-118.237350988
2037,33.741671151999995,-118.380959292
2038,33.728998067999996,-118.227093252
2039,33.754344235999994,-118.452763444
2040,34.299286848,-118.534825332
2041,34.159882924,-118.46302118
2042,34.172556008,-118.227093252
2043,34.197902176,-118.61688722
2044,34.21057526,-118.175804572
2045,33.89374816,-118.298897404
2046,33.931767412,-118.61688722
2047,33.944440496,-118.504052124
2048,33.982459748,-118.165546836
2049,34.261267595999996,-118.216835516
2050,34.071171336,-118.606629484
2051,34.08384442,-118.350186084
2052,33.805036572,-118.442505708
2053,34.020478999999995,-118.339928348
2054,33.741671151999995,-118.329670612
2055,33.7036519,-118.216835516
2056,33.716324983999996,-118.227093252
2057,33.728998067999996,-118.237350988
2058,33.754344235999994,-118.339928348
2059,34.109190588,-118.288639668
2060,34.311959932,-118.227093252
2061,34.324633016,-118.606629484
2062,34.14720984,-118.237350988
2063,34.159882924,-118.555340804
2064,34.197902176,-118.524567596
2065,33.906421244,-118.298897404
2066,33.919094328,-118.370701556
2067,33.931767412,-118.524567596
2068,33.982459748,-118.319412876
2069,34.071171336,-118.432247972
2070,34.08384442,-118.36044382
2071,33.792363488,-118.586114012
2072,33.805036572,-118.268124196
2073,33.83038274,-118.61688722
2074,34.020478999999995,-118.657918164
2075,33.754344235999994,-118.596371748
2076,33.7036519,-118.227093252
2077,33.716324983999996,-118.216835516
2078,34.286613764,-118.657918164
2079,34.286613764,-118.61688722
2080,34.286613764,-118.575856276
2081,34.286613764,-118.534825332
2082,34.286613764,-118.493794388
2083,34.286613764,-118.452763444
2084,34.286613764,-118.4117325
2085,34.286613764,-118.370701556
2086,34.286613764,-118.329670612
2087,34.058498252,-118.165546836
2088,34.159882924,-118.56559854
2089,34.172556008,-118.247608724
2090,34.185229092,-118.175804572
2091,34.261267595999996,-118.319412876
2092,33.995132831999996,-118.483536652
2093,33.944440496,-118.524567596
2094,34.121863671999996,-118.380959292
2095,34.134536755999996,-118.4117325
2096,33.868401991999995,-118.329670612
2097,33.792363488,-118.186062308
2098,33.83038274,-118.278381932
2099,33.881075075999995,-118.483536652
2100,33.7036519,-118.196320044
2101,33.767017319999994,-118.657918164
2102,34.286613764,-118.227093252
2103,34.311959932,-118.575856276
2104,34.324633016,-118.25786646
2105,34.14720984,-118.216835516
2106,34.223248344,-118.524567596
2107,34.235921428,-118.30915514
2108,34.248594512,-118.298897404
2109,33.95711358,-118.524567596
2110,33.969786664,-118.227093252
2111,34.273940679999995,-118.401474764
2112,34.121863671999996,-118.370701556
2113,34.134536755999996,-118.339928348
2114,33.868401991999995,-118.421990236
2115,33.881075075999995,-118.268124196
2116,33.89374816,-118.524567596
2117,33.89374816,-118.196320044
2118,33.906421244,-118.61688722
2119,33.906421244,-118.288639668
2120,33.919094328,-118.545083068
2121,33.919094328,-118.216835516
2122,33.931767412,-118.391217028
2123,33.944440496,-118.401474764
2124,33.868401991999995,-118.278381932
2125,33.95711358,-118.657918164
2126,33.7036519,-118.20657778
2127,33.728998067999996,-118.186062308
2128,34.185229092,-118.319412876
2129,34.21057526,-118.216835516
2130,34.223248344,-118.555340804
2131,34.261267595999996,-118.175804572
2132,33.944440496,-118.545083068
2133,33.95711358,-118.555340804
2134,33.995132831999996,-118.339928348
2135,33.969786664,-118.196320044
2136,34.071171336,-118.319412876
2137,34.08384442,-118.391217028
2138,33.792363488,-118.165546836
2139,33.805036572,-118.483536652
2140,34.007805915999995,-118.30915514
2141,33.728998067999996,-118.196320044
2142,33.767017319999994,-118.391217028
2143,34.286613764,-118.20657778
2144,34.299286848,-118.586114012
2145,34.311959932,-118.432247972
2146,34.324633016,-118.237350988
2147,34.14720984,-118.196320044
2148,34.159882924,-118.51430986
2149,34.172556008,-118.175804572
2150,34.185229092,-118.247608724
2151,33.995132831999996,-118.596371748
2152,33.89374816,-118.350186084
2153,34.21057526,-118.227093252
2154,33.881075075999995,-118.421990236
2155,34.08384442,-118.401474764
2156,34.096517504,-118.657918164
2157,33.805036572,-118.30915514
2158,33.817709656,-118.647660428
2159,34.273940679999995,-118.329670612
2160,34.020478999999995,-118.452763444
2161,33.716324983999996,-118.175804572
2162,33.728998067999996,-118.288639668
2163,33.754344235999994,-118.391217028
2164,33.741671151999995,-118.442505708
2165,34.299286848,-118.186062308
2166,34.159882924,-118.524567596
2167,34.172556008,-118.288639668
2168,34.197902176,-118.555340804
2169,34.21057526,-118.237350988
2170,33.89374816,-118.36044382
2171,33.931767412,-118.555340804
2172,33.944440496,-118.56559854
2173,34.261267595999996,-118.278381932
2174,34.071171336,-118.545083068
2175,34.08384442,-118.4117325
2176,33.805036572,-118.380959292
2177,33.817709656,-118.165546836
2178,33.855728907999996,-118.6681759
2179,34.007805915999995,-118.452763444
2180,33.716324983999996,-118.165546836
2181,33.767017319999994,-118.370701556
2182,34.299286848,-118.196320044
2183,34.311959932,-118.288639668
2184,34.261267595999996,-118.196320044
2185,34.324633016,-118.545083068
2186,34.14720984,-118.175804572
2187,34.159882924,-118.61688722
2188,34.172556008,-118.196320044
2189,34.197902176,-118.46302118
2190,33.906421244,-118.36044382
2191,33.919094328,-118.30915514
2192,33.931767412,-118.46302118
2193,33.982459748,-118.25786646
2194,34.045825168,-118.421990236
2195,34.121863671999996,-118.329670612
2196,34.134536755999996,-118.298897404
2197,33.817709656,-118.504052124
2198,33.868401991999995,-118.380959292
2199,33.881075075999995,-118.30915514
2200,34.020478999999995,-118.596371748
2201,33.7036519,-118.4117325
2202,33.728998067999996,-118.637402692
2203,33.754344235999994,-118.534825332
2204,33.805036572,-118.647660428
2205,34.197902176,-118.534825332
2206,34.223248344,-118.51430986
2207,34.235921428,-118.483536652
2208,34.248594512,-118.4117325
2209,33.969786664,-118.237350988
2210,33.906421244,-118.637402692
2211,33.931767412,-118.534825332
2212,33.944440496,-118.586114012
2213,33.95711358,-118.51430986
2214,33.982459748,-118.247608724
2215,34.109190588,-118.247608724
2216,34.121863671999996,-118.319412876
2217,34.134536755999996,-118.227093252
2218,33.881075075999995,-118.545083068
2219,33.843055824,-118.247608724
2220,33.855728907999996,-118.647660428
2221,33.767017319999994,-118.596371748
2222,34.324633016,-118.524567596
2223,34.223248344,-118.339928348
2224,34.235921428,-118.493794388
2225,34.248594512,-118.237350988
2226,34.273940679999995,-118.46302118
2227,33.995132831999996,-118.555340804
2228,33.906421244,-118.216835516
2229,33.95711358,-118.339928348
2230,33.969786664,-118.4117325
2231,34.058498252,-118.6681759
2232,34.109190588,-118.627144956
2233,34.121863671999996,-118.30915514
2234,34.134536755999996,-118.401474764
2235,33.868401991999995,-118.483536652
2236,33.792363488,-118.504052124
2237,33.83038274,-118.534825332
2238,33.843055824,-118.627144956
2239,33.728998067999996,-118.247608724
2240,34.299286848,-118.637402692
2241,34.14720984,-118.647660428
2242,34.14720984,-118.606629484
2243,34.14720984,-118.56559854
2244,34.14720984,-118.524567596
2245,34.14720984,-118.483536652
2246,34.14720984,-118.442505708
2247,34.14720984,-118.401474764
2248,34.14720984,-118.36044382
2249,34.14720984,-118.319412876
2250,34.14720984,-118.278381932
2251,34.185229092,-118.25786646
2252,34.21057526,-118.278381932
2253,34.223248344,-118.61688722
2254,34.261267595999996,-118.237350988
2255,33.944440496,-118.606629484
2256,33.95711358,-118.61688722
2257,33.995132831999996,-118.401474764
2258,34.071171336,-118.25786646
2259,34.08384442,-118.452763444
2260,33.855728907999996,-118.627144956
2261,33.805036572,-118.421990236
2262,33.83038274,-118.196320044
2263,34.007805915999995,-118.493794388
2264,33.767017319999994,-118.575856276
2265,34.299286848,-118.647660428
2266,34.311959932,-118.493794388
2267,34.324633016,-118.175804572
2268,34.159882924,-118.575856276
2269,34.172556008,-118.237350988
2270,34.185229092,-118.186062308
2271,34.21057526,-118.288639668
2272,33.995132831999996,-118.657918164
2273,33.89374816,-118.4117325
2274,34.045825168,-118.186062308
2275,34.058498252,-118.647660428
2276,34.071171336,-118.329670612
2277,34.08384442,-118.46302118
2278,33.805036572,-118.493794388
2279,34.096517504,-118.473278916
2280,34.020478999999995,-118.391217028
2281,33.741671151999995,-118.504052124
2282,33.7036519,-118.452763444
2283,33.728998067999996,-118.596371748
2284,34.299286848,-118.247608724
2285,34.159882924,-118.339928348
2286,34.172556008,-118.350186084
2287,34.21057526,-118.298897404
2288,33.89374816,-118.175804572
2289,33.919094328,-118.647660428
2290,33.944440496,-118.627144956
2291,34.045825168,-118.25786646
2292,33.95711358,-118.30915514
2293,33.995132831999996,-118.586114012
2294,33.89374816,-118.545083068
2295,33.89374816,-118.216835516
2296,33.906421244,-118.473278916
2297,33.919094328,-118.524567596
2298,33.919094328,-118.196320044
2299,33.931767412,-118.370701556
2300,33.944440496,-118.421990236
2301,33.95711358,-118.350186084
2302,33.805036572,-118.56559854
2303,33.855728907999996,-118.606629484
2304,33.881075075999995,-118.586114012
2305,34.007805915999995,-118.391217028
2306,33.767017319999994,-118.30915514
2307,34.311959932,-118.350186084
2308,34.324633016,-118.483536652
2309,34.223248344,-118.298897404
2310,34.235921428,-118.20657778
2311,34.248594512,-118.524567596
2312,34.273940679999995,-118.175804572
2313,33.95711358,-118.298897404
2314,33.919094328,-118.247608724
2315,33.969786664,-118.452763444
2316,34.058498252,-118.627144956
2317,34.109190588,-118.6681759
2318,34.121863671999996,-118.268124196
2319,34.134536755999996,-118.36044382
2320,33.868401991999995,-118.442505708
2321,33.817709656,-118.56559854
2322,33.843055824,-118.6681759
2323,33.881075075999995,-118.370701556
2324,34.020478999999995,-118.534825332
2325,33.754344235999994,-118.473278916
2326,33.7036519,-118.350186084
2327,34.299286848,-118.268124196
2328,34.197902176,-118.473278916
2329,34.223248344,-118.575856276
2330,34.235921428,-118.421990236
2331,34.248594512,-118.350186084
2332,33.982459748,-118.186062308
2333,33.969786664,-118.175804572
2334,33.919094328,-118.627144956
2335,33.931767412,-118.473278916
2336,33.944440496,-118.647660428
2337,33.95711358,-118.575856276
2338,34.134536755999996,-118.350186084
2339,34.109190588,-118.186062308
2340,34.121863671999996,-118.25786646
2341,34.134536755999996,-118.288639668
2342,33.868401991999995,-118.20657778
2343,33.881075075999995,-118.606629484
2344,33.843055824,-118.186062308
2345,33.855728907999996,-118.586114012
2346,34.007805915999995,-118.20657778
2347,33.754344235999994,-118.196320044
2348,33.767017319999994,-118.288639668
2349,34.311959932,-118.20657778
2350,34.324633016,-118.46302118
2351,34.223248344,-118.401474764
2352,34.235921428,-118.432247972
2353,34.248594512,-118.175804572
2354,34.273940679999995,-118.524567596
2355,33.95711358,-118.401474764
2356,33.995132831999996,-118.61688722
2357,33.969786664,-118.350186084
2358,33.982459748,-118.6681759
2359,33.906421244,-118.278381932
2360,34.058498252,-118.606629484
2361,34.109190588,-118.319412876
2362,34.121863671999996,-118.247608724
2363,34.134536755999996,-118.216835516
2364,33.792363488,-118.442505708
2365,33.817709656,-118.421990236
2366,33.83038274,-118.350186084
2367,33.843055824,-118.319412876
2368,33.7036519,-118.329670612
2369,33.741671151999995,-118.216835516
2370,34.159882924,-118.298897404
2371,34.172556008,-118.391217028
2372,34.21057526,-118.339928348
2373,33.995132831999996,-118.216835516
2374,33.89374816,-118.46302118
2375,33.906421244,-118.555340804
2376,33.944440496,-118.6681759
2377,34.033152084,-118.227093252
2378,34.071171336,-118.442505708
2379,34.08384442,-118.51430986
2380,34.109190588,-118.165546836
2381,33.855728907999996,-118.56559854
2382,33.843055824,-118.165546836
2383,33.805036572,-118.606629484
2384,34.007805915999995,-118.432247972
2385,33.741671151999995,-118.165546836
2386,33.767017319999994,-118.51430986
2387,34.159882924,-118.391217028
2388,34.172556008,-118.298897404
2389,34.21057526,-118.350186084
2390,34.261267595999996,-118.637402692
2391,33.89374816,-118.227093252
2392,33.995132831999996,-118.473278916
2393,34.045825168,-118.247608724
2394,34.058498252,-118.586114012
2395,34.071171336,-118.268124196
2396,34.08384442,-118.524567596
2397,33.779690404,-118.165546836
2398,33.805036572,-118.432247972
2399,34.096517504,-118.534825332
2400,33.7036519,-118.391217028
2401,33.728998067999996,-118.657918164
2402,33.741671151999995,-118.56559854
2403,34.033152084,-118.319412876
2404,34.033152084,-118.278381932
2405,34.045825168,-118.534825332
2406,34.033152084,-118.401474764
2407,34.033152084,-118.36044382
2408,34.033152084,-118.483536652
2409,34.045825168,-118.657918164
2410,34.033152084,-118.442505708
2411,34.033152084,-118.56559854
2412,34.033152084,-118.237350988
2413,34.159882924,-118.401474764
2414,34.172556008,-118.4117325
2415,34.185229092,-118.6681759
2416,34.21057526,-118.36044382
2417,33.89374816,-118.237350988
2418,33.919094328,-118.586114012
2419,34.045825168,-118.319412876
2420,34.071171336,-118.6681759
2421,34.08384442,-118.534825332
2422,34.096517504,-118.524567596
2423,33.881075075999995,-118.647660428
2424,33.868401991999995,-118.165546836
2425,33.805036572,-118.504052124
2426,33.855728907999996,-118.545083068
2427,34.020478999999995,-118.647660428
2428,33.767017319999994,-118.493794388
2429,33.754344235999994,-118.647660428
2430,34.311959932,-118.4117325
2431,34.324633016,-118.421990236
2432,34.223248344,-118.36044382
2433,34.248594512,-118.46302118
2434,34.273940679999995,-118.237350988
2435,33.969786664,-118.391217028
2436,33.982459748,-118.627144956
2437,33.919094328,-118.186062308
2438,33.95711358,-118.36044382
2439,34.058498252,-118.56559854
2440,34.096517504,-118.555340804
2441,34.121863671999996,-118.20657778
2442,34.134536755999996,-118.175804572
2443,33.868401991999995,-118.25786646
2444,33.881075075999995,-118.432247972
2445,33.779690404,-118.186062308
2446,33.817709656,-118.627144956
2447,33.83038274,-118.637402692
2448,34.020478999999995,-118.473278916
2449,33.7036519,-118.370701556
2450,33.754344235999994,-118.247608724
2451,34.299286848,-118.329670612
2452,34.197902176,-118.657918164
2453,34.223248344,-118.391217028
2454,34.235921428,-118.606629484
2455,34.248594512,-118.288639668
2456,33.969786664,-118.36044382
2457,33.919094328,-118.56559854
2458,33.931767412,-118.657918164
2459,33.95711358,-118.391217028
2460,34.273940679999995,-118.51430986
2461,33.817709656,-118.227093252
2462,34.045825168,-118.175804572
2463,33.843055824,-118.534825332
2464,33.805036572,-118.401474764
2465,33.843055824,-118.452763444
2466,33.779690404,-118.298897404
2467,33.792363488,-118.61688722
2468,33.792363488,-118.288639668
2469,33.805036572,-118.36044382
2470,33.817709656,-118.51430986
2471,33.817709656,-118.186062308
2472,33.83038274,-118.586114012
2473,33.855728907999996,-118.524567596
2474,33.767017319999994,-118.227093252
2475,34.311959932,-118.268124196
2476,34.324633016,-118.401474764
2477,34.159882924,-118.350186084
2478,34.172556008,-118.339928348
2479,34.21057526,-118.391217028
2480,34.261267595999996,-118.596371748
2481,33.89374816,-118.51430986
2482,33.919094328,-118.165546836
2483,33.83038274,-118.216835516
2484,34.033152084,-118.196320044
2485,34.058498252,-118.545083068
2486,34.109190588,-118.25786646
2487,34.121863671999996,-118.186062308
2488,33.779690404,-118.20657778
2489,33.792363488,-118.380959292
2490,33.817709656,-118.483536652
2491,33.83038274,-118.4117325
2492,33.843055824,-118.25786646
2493,34.134536755999996,-118.278381932
2494,33.716324983999996,-118.6681759
2495,33.7036519,-118.268124196
2496,33.741671151999995,-118.278381932
2497,34.121863671999996,-118.606629484
2498,34.311959932,-118.6681759
2499,34.324633016,-118.657918164
